pid,wallet_address,private_key
104060920170053,0x8a8A9dd88710Ce79469bE34c37757FDc27270001,0x8f0842d57bf3ee1c1d6bfbf6f57d62248978e1ad59fcb96badaa1571f9122893
401030920190192,0xb3A6cd0A837596E39172742faF563C8Cd9FA3ac5,0xf241f607dff85c854c0e4b5d5ba08596a55b8bedb0b17aaa04886d147581d6b8
301081720170045,0xc45b0944196526724EE5DD984C578d03578C794d,0xb396152f9e398c10ba8d96e43e266a9a3d7bf76a2b67dbf7ff7263608881be15
221131920150101,0xDEC036fdA2F0B2Ca3d09A2dfF6DDaB789A0991B5,0xf8149d8dfb5d3e8f9f1e2cee265f3a83e251e638213bd2ef5668de8064f207d5
401193720180070,0x4Cc4175FD31d66de5C6e163DaC6a948925986dc3,0xb9e3481d2bc0c0363a6199ec9afb39da316003e24608630a84d837d634b024cd
209131920180035,0x017d1eF8dE9347028754d867A9C42Bb5a27FDc55,0x2f45d14168d751af6ccaf64ba563ff191d9863f3b43a405a9b2f1028720769b3
509122920180426,0x03E792428bF8FFE9A7EAfEfEf8dD8A5690d9A631,0x20d85425a2cb1ba6518ef64e682f8388bcfe67046204577c10df674ce639bb25
601010920170214,0x69A3c33D6EB19a440fB02aAE29948228e13902D9,0x137ea5fd33c927d08c498dab6807ca4de6c16c66ad1eddd57f31e5b3f72a27c9
103214520180139,0x3657b818378Ae69D9A7373b91b3F009C04D1D7d3,0x6df5a6f878ed6855e80dc72a766fcd1888ff025a7687cdaf238a978db63383f7
302110120170070,0x0d91C676Dc84D0BFec4fAfF488ed1E05Ed69b4b0,0xac25e7a1e1f9df2c8dfd7d90e0308b607f60f9e42d1738d9b3f35c66c5a537fe
823131420190106,0xa47873E43137BeaeAc2153E7d9c776600f807873,0x1e860237651b7b4be16e90b7a5054a6754a054524ce446ee1acc9b2f00008e47
217052320180012,0x4A4b16faC3f42203E2A2b4b94210AB021fb0c0cA,0xb7638257d33f77a0ac976f50a60795f7bf606975406677051ac08e35c0a127a6
503041520160028,0x34764c2ac3AF41A03b0faE7A17B49085f3540EcF,0x460ffafb568e1dc002563f279bbcb17aa03dcf8ff2830ae1a9d594d88dc6f3b5
711070720210384,0x2E9198763Cc2df7795506e57468F80aaAf9393bf,0x1831a21bcfa539ed9473ecb27c5aecd8d6c5814ce83b32012d7b563cc8d51ac4
707010720190181,0x9671b8646b3865B7d75a106BAEbC91813f07a0ca,0x560d214f72ccf9b5dbd56f2814d23edf13e7ae19b6ba373be5ec814bc0ebaff1
217202920210033,0xB691fCeA9edb51Ee96477923960D065EFBdAc8CA,0x2967c42d0bcd765cf9f950a02824ffd161973ec6af2a7696a966dc0f33aa4f50
221171720170201,0xFBD7B5DdeC642C98Ae1927355EEFfc55A1B9dEa8,0x32268ce2c204144a70872387364fd07c026bea98e366e67ed4c02023f44c8e13
101131120200341,0xC736D884F86BCb223Ff023E0f82b3a19936c54d2,0xe2e605720e3a80b1b59b1e3ad87d2843037793c647a019a856116ad64b1325cd
201072320190044,0xC9c0f9e2E686FA1F26914b101023163539bB2CAA,0xd84f201f11523e5595e96db5f34026749ec6dde1146405e6e5335a2adae50d21
803030520180100,0xA9E4405CAa58020002cA065AFAC93E006F3041af,0xfa832eb2e109991031a1df7f6ea512187c528154476dff74c2f70ae27a8f156a
511013920170198,0x88174e3776c29A96c35D4A6A74A5de3FCBa68a07,0xcd68150f655aac07fb797f101e5215cc4d1a28ecaf751376407ae71c8ebcff53
106070520140047,0xCf07b8297C433e2Ecf82C2856B93d9100eafDA05,0x373798a9abff7c241845cafeff9302be7e957c8b04f6f3c16d5c0854345c9308
211092920190050,0x2C364F6E2508C9C51537ee8417Fb2227C116AF67,0xa9bfc0f1b507007c751bf1667d141228ced7b4ab19f647102e5b5c7403d5b765
103143720170012,0x6BdD4fd8bb621f7a24C7cfa8d5207C93DC2997Ac,0x0c6cffca5ad28613e1a85be3c661fc12a70c6594597b849596584630670bebe6
101131020200007,0x2Dee4Ae40b6aE7628dB255188676E16970e50025,0xad6587105a43745635f89d94a20ce00daa057957dbc0e2b2bafbc2e81eea6c45
803071120180380,0x2Fd73D916c73c3909F150D2ae145e941fc5e7629,0x943513d45d65071e23f7952d24987e35ca9a81894e42bda94faee99f4587ecb7
707071720190267,0x59c0A187643F78C13f6eD7230AEF12Ee6c351042,0x3b0babad3598d4774a6a4eaaa648e48383de98a9b0b9f3e8ea49000ee93d107e
701393720150340,0x2df8B2E2afF8e60e6D2c6e9b6655e883659D52EE,0xc23714268a6a554300ec0d08a58284cde80b534e128d496b2ceba3302e69f28d
111114120170019,0x6490e50E991AE4e97C3D70FA8f1E7cC81c0Ad135,0x07ab3637bf81dcc9e591154a2125e81173f4810f00d10ad7dec82fd12f629282
707120620170258,0x22Eaa34963c03BefeC208226c425F6aA552C5F9E,0x004be063b1b939c9c6fe80d4f86f2d4fa33cfb8a7e16731fd15aac1d9c2b3fc1
713070320200310,0xE506eae039c76765f37D0Ce2f07876A709aaD90c,0x9ff99680a085ebe8ef6ffcbba468653b7ab96f4d3adfce60d21b68665030518b
411050120150042,0xacc1bb2F1d162E20e90555D964D03b9aBFCdE57E,0xebcf83e66c437f7de3451d8b7f4e241b712d4f14bab1aa277209a8f798086d00
115078120210130,0x0d6a71F47ba900977657708481e866b74e589775,0xa00f871910e4560833e2c6a01f52d9dd1d23bb143a3b946aaef4b1ca78d22689
411070920160155,0x80528b3D1c37AD143D7B773f7482003Bf2e9707A,0xeb27ebff2e06f3186085a3f3ca87b5f1eb5f92951e390b0645e70845b196cb52
113192920150220,0x9Bc477C71beF9aE1ACA9317b6F103B34ddBfA76C,0x15ece38e05ade1e6b70065a0df441a75afb21680b45ad8ad987e008fd44b2fb2
701171720190016,0xB2D37b944cB01AcFe8b6ddf1aA67555DC7a7CA34,0x413b739ee076d4ece2f6052a3e8b6372a6bcb0166dd50c3cee3b56384e356433
225250320200053,0x67f7A915F425Ce55E5cEe9733340318aFd42315c,0xfaa0298297acb2ee3c4874375b5155920e59ecace5ac023449c151ad3f68a2cd
115155920200052,0x49D35799d52e6c09CBb85d7A362d20f4B8707678,0xd0939f7fd2f60f0c3e84a13e42251f56b61e31ab63103f54de457aa32eddb61d
813112520180277,0x5de936dB29E0CFf7A2603F5384a697E942106aCc,0x0e65605329e7f92f84ffea33c96ef66070f14711e6fd436011f69b7f6439dab2
101410320220064,0x40dcDc7c351903bb3D8Cf4516582527A41b53DD5,0xdfda5add0d9f6872933d3189435b46c9f11bb68e8b1ca902d805492c2b14cc42
605310320190175,0xAfE98B76D5B7868cE0818bA149fD5AbD644FD1Db,0x28c514facbbf3a137411b562de36d00d5149c696d5d2b3b595197976531d8d32
115072920180075,0xeD5A25bc0e130F649E9b3502Ea3103f9707d4091,0xc1e982b8b69aac57bea8b93b2b89dc6214799da957597dac6adff57dbc603eb5
401333520200091,0x82bbD23e66FA27A1E3c0bfA043b6d808f6583070,0x7b321e9c370d68357726afac2622d6f07cbfcd4b1a6448deee25753ffb6b6326
607012920170068,0x799d49d1B808f46cb403d30814719362333CC1Ec,0xd22b796f15fcecb4fd1360655ff67c5385cb816d99ea5e799c60181e1d1cff56
401530720200012,0xf3bB4AF492Dd46e9AE82F1e6441FE1d7eadDCf57,0x600802661b54c735d99e1d7cc9716a923248cf4669080f0c39f80b5c65008086
707021220180052,0x7494eE274314786F49A6720139a5B7C48EF82Ebf,0xccf8bd506447f23100ade2358fdc3427d6d2128f0d83aabc5884efbd964e9a01
101433920190213,0x0FabCA9662dD451A061e503902423dbD929F7cc8,0xcc40ad77dfe38fd175315d0aa8697cf73e6aa748b96c426cd5449acec7ef6fda
109070320160010,0x0Fa9bB155311703c895967C1c3d5D4bd3B80f644,0xd608520cbdea8f9357c21be1fae47533cc2666699b512dab420622783a1e8b6c
111092320180169,0x21823c65FaE37EE1661C934EaCCCBf2E57c519ae,0x881bcfb3bd09dfc956f4644812d359915513318ca523cdb2234d0ce753e6b8d3
713101720180317,0xFC558a0990Ddc000e42D019cd21a7493A184CcA8,0x5d3c3f429f5dff67a273627cbbc1a459c8e6b017100c13eabd8685f4fa8a96be
805092520180229,0x30C470F18e09fE57138E7e6ff619bA95542d7c3c,0x11533a137bb1e340116e122f92958c8e8cf909df197a1bf4e226b80df5af17c9
113110120160141,0xa0737880Dc0c58F11a0A966fE13BF4B597947CD3,0x3cad128b87c3b9dd3573db73aa721e9a4c4ea964f79ab14425479f9aa9db220e
601130520160012,0x592Da9757d2Da3C6623886B317672a33272397a2,0xb42a03a6cc32f81aba537e8e5c73b1d3924d189344e01d7db71138a1acf0086d
811160820160216,0x9811467efbA2E04931Ab9eA3EC4A3B8cfd724ac2,0x00beba8ecc59433af235c13bdd2e09bf7df4779dc3803352789c49452291323c
606290120200071,0xFe882627DFEfF8586535CAC439688A994C6CE4dB,0x8bc45af1957157a8867481800b4c78a49c152a7c5e7abedf2e6aeffed28a0f3f
801010520180041,0x253E30D166d0b146dF18105a856538DB8494c266,0x758c100378dfaad9ef1350116aa0b1dec5f816aa75794af851c6284aac582821
201050720180131,0x86F782BA3bd4d273378638E3563f9F106d3a4e82,0xcb56c63526af7a0ee980ad778467f3b9b240043dcafeaea5dd51a7e4f0c3ac3c
115111920180004,0x9C5025226630026AA69Ae5272Fe6999A7776eC86,0xfdd9bbed9635e0dc73e29182e52480f47334e52b20db62ffba43a01e7f4ddb8d
503091920170038,0x80fC16a91b2573fFeF3095b9C6F849c3904B841F,0xd40ca5e8dbc1c594ee84b0d3b153b63d0f63e9ba7d0b09765774a40477a113cb
221071720170057,0xAD0419784b112767D71c8303c141a251bB14E5BE,0x50025b7e28577e070f14baa8693424819e950966c31d8c2c3522229985d96eea
713132720150078,0x79015A0D3a30B51c772C384f315Ce42eA89A0547,0x9012affd668825ce3ba9bc7033c24e975660fa3727f740285e111d105c81f373
405110120170071,0x6EA7f6fFd0dA32a8e9C62eFA0630a6EeA0d05c00,0xa59d2fe79b0348d3d108f799148293a73014534ec039c7d2440c7cf7e5239d70
403295720210019,0x16BD2453F38cDbecAcA710aCBd6D6D346DA7130F,0x85a6cd7cbe395257dbf6bb5cc9037a76b3963c105809939814d69100e5405f3e
103071520160076,0xEd904e3683E4770D1511E01D1f8A34b18843F715,0xbda5b5ab6dca39f19194048b883318854bb960240deb9ae28db6659c9f658e99
603230320150143,0x30238C24Fb835fdC4734a2D4B21928B031030c40,0xc0495d42d1eb955efd05179903de452746c98356f02bb6617651f5f21aec7196
303171320160074,0x4bb056A323ED8471A384b57cfe0EdC267000BFdF,0x4f52ef7f040696888b9284133667e0452d006485998acd68798a3fd7f38c27da
605231720160039,0x57b2FA549fBF6db9f45C25A9dd3ebbEDC5AFd88c,0xab28271ef36c3430ecb10468bc69529518d6df0d4e50d9ab1e6054f984839056
805092520200106,0x338ec75A2aF014e2559d61bd6424264a9800e011,0xfee6c4f0de9866b28b1724277c438fa9adcce41f9e2e314d273d34d6d820ee78
225070320190051,0xad6ea388357246E3ab5AC1B27d3F6D36D1a36777,0xa73f9d13ec175826de9c7ea6b20231f8e9ac088dc92289eb009f032a84566335
713012720160790,0xAE333192a5B22DDfF2A5CE3460aAa1256280F22e,0x16c8b8d654d0f9ec81524094f1ba5d6106b9a5073a9099043e58101b9287d4d5
711080920170391,0x87C8F246f340a020468338e4CCF1091c5D96B143,0x0a461dcb3e0c3897d59fd4d8be49cde6580314efd22fb05f6e39d2837003663b
701050120200024,0xB4255116A7383D6FA847608be6C16B5e7e4De900,0x397e7bee3d0c53d1c0b3c5f54bc5ba99ebf3b53aa26288bfdedc552f8831376d
605071520190153,0x5ECC8Bb5Aca5Fa87b4913e54b14aC3A05B5D47D6,0x13bd2bf7a980f2b40a535c952d36f7fd1c5b26d93b6ec461667f78987ee60b89
821091120210006,0x3A0D08f2f837a95ED74D3d574FDfA29B33E26664,0x82491ab44a08c7b8564247aab9b0e8854c9b2d487bdb66093da79997feadccf2
605320720210035,0xe2262729Ad0e7E69795531BE0aE6b35633912b82,0x1301ff8b4a24881508cfb05458e58cc5f3b30018c005d3566a400a48c17cfa64
701253120200416,0x6153093dcCAba880bC791b16c08CAf3b42EF9D14,0xee895af53c23a93a9c3fe9f8fd484ab45c1a5fdbc86755b0820c8eac6b32b5d2
113091720180113,0x8F20352Ace96C7F10b588271EfE8DcE7b8E12EA0,0xba70ac447e04248317bbeb3ae4e824dbd2c62622e3aecd8d838d18c8159f6bff
801150920150060,0x62553fbC95AdD67D5F5451d5Eb5aCc2dEAE711a1,0xb7b8cafbb0afe8c1e38e6a35c018be03c4a7f9863e1a0826338948f4bc7e2c26
201010720170037,0x7cB7557E8de3e7eDE868fb7e2f5b512b38C080d6,0x4ae888acbf07048d8793275cb8e88164c2bc30ed221dbc8e895d4ed766f11399
213034520210085,0x6fbdAebC048eB091EAdD6F1bBaD105630C737345,0xfe468c95ddd6f61afd74cb61107dcf3c95d4447fbe15ac7d0b6ed9bd2ac732c2
103052120190249,0xf81AE68b2a42D8aCd277671675fE24156Bb558C1,0x8448cb46df3817944c08e92a352992449cb70b33761b2114dfcb0d1bb281abd9
701172120190350,0x8fF91E9ca01Fc08A97fc16427B05aBCeC8e71Bf3,0xa464588d8fd9d7705aa239fe72e5e34119e6642a1a98ea17c55f1bfee861e6bd
705090120200112,0xEF7C356d08d261E5A3685cB2A9fe4F9418B9dCFA,0x5010fece31b13848c99d7373afd5a46c8e8d3e2793d5bf5bf92927c842c2ed01
221171320190192,0xCE4C6541FF4fD4B0DD1216481A42D2c98099C0D0,0x3671bd671d2d0efde0dca633df688990f4a4734468a772a1930012fe00fab5e1
401310320170020,0xB827AAC1fa1cc00f70fEAbdEAa87DAb499628b16,0xb56493d0039146864197e4975f674e2b627a2c96e9fd311384225909488ea25c
807170120170171,0xC52A89e0FfC171b044c3B32080C9Aaf766a0ba5f,0x6ac45261df456b77b2c04b85987e0baca42add04c3c7a3fc898b22bc955d4679
109042520150087,0xF5E2f35066DD8610E856999cb6bbb80d80A593ab,0x4540f3a8186e1ef871f4ea8bf1a2524e2714cacfb3c1d6a0a7c8571106105349
115114720190067,0xc8319EeD7B316c946c14814a2660c05cE7A989D6,0x6212c7ed4f30491b45ec400bb444ab3db34c3bffb894a3783643e3d532dcb282
403370520190258,0xd30840112048562551dC60160Ba48C6379427D77,0x43d02c9c04efb237a82dfbc3a3a7f974483d520ae62a97e7c6fb86c41af4780b
117092920170263,0xf130da604DaBb16A96A660545B5D102496a9464F,0x8cd216c323796dd2139f6347f4a0ed2a819e0188efa6371af6c39a156258fc63
405094320180055,0x2214F354F4C8a60c21D4d7e8983A93fED57576a6,0x9ea89c9a387b695f20c37f243817802433707e3a37b5708a8ba6b69cc233b90a
403090320220035,0x8CA1b4430c7A2d0c16922FD6e72a4dB1B1dd47EB,0x614474cabd36c783b973f0c1b2d197219b5814f43ae63ab869d54c91701b1b53
819110720190090,0xe2DBF279C482332ced7E267BF6A76A64fe27a340,0x8f25a5067fd74f9ef88dd4233b276ee0b120396c4a23605bc4e7c8d25a65d1b5
807072920190034,0xF8cbD00d2916201A08333cFeb054d377F791b498,0x05776a464296f4c5101356100120f9a5bab9c90f712a8c63587f26a1fc73bc18
101540720170981,0xCC949E70446454147c656A43F982e874d1D2483B,0xd404be007e2c187ef756847feed610943300e56e5eaa479ebf71277453ab15e6
811012120200013,0xAdaF8f50529361Eb1b6843f7AbF524a0dDB55153,0x6c8441d10e388b959db0d0f808623ff4ccccb600733b116df7b73dd79085f0a3
113171920190154,0x342EF9fD32409C4E50563092CE17357de57b7CE8,0x7ffc303fedfe7fd4f5e9f03265cdd4594ac0e6de435041a1b5da90830d24368f
601011720170110,0x44973346D6e53cdea07521D891bF49334E354745,0x3b6607229dcc9e9e3df2089794996ba9acfd9ad6308db2e2bc67641feaa4a652
203052120210033,0x59Cd158608cA29c7405c7345284C6039d085ADE0,0x505fb4d047af29f46d576a767a5988d3814212407e1eca027cec3664aeefebdb
106073720170328,0x45ecaeBd2Ffb32b9D334cEc2381ae31E1a129314,0x305257ae547a448368a63ecc76802bc9f0fa07054e0c598b47ae91b22074304b
